10X_4,EU1MG1,221/265,355/402,132/143/115/243,149/149,172/203,188/250
11X_10,EU1MG1,221/265,355/402,132/143/115/243,149/149,172/203,188/250
11X_11,EU1MG1,221/265,355/402,132/143/115/243,149/149,172/203,188/250
11X_17,EU1MG1,221/265,355/402,132/143/115/243,149/149,172/203,188/250
18_135,EU1MG1,221/265,355/402,132/143/115/243,149/149,172/203,188/250
18_161,EU1MG1,221/265,355/402,132/143/115/243,149/149,172/203,188/250
18_669,EU1MG1,221/265,355/402,132/143/115/243,149/149,172/203,188/250
18_670,EU1MG1,221/265,355/402,132/143/115/243,149/149,172/203,188/250
18_85,EU1MG1,221/265,355/402,132/143/115/243,149/149,172/203,188/250
19_116,EU1MG1,221/265,355/402,132/143/115/243,149/149,172/203,188/250
19_192,EU1MG1,221/265,355/402,132/143/115/243,149/149,172/203,188/250
21_422,EU1MG1,221/265,355/402,132/143/115/243,149/149,172/203,188/250
21_759,EU1MG1,221/265,355/402,132/143/115/243,149/149,172/203,188/250
21_931,EU1MG1,221/265,355/402,132/143/115/243,149/149,172/203,188/250
22_488,EU1MG1,221/265,355/402,132/143/115/243,149/149,172/203,188/250
AFBI_15,EU1MG1,221/265,355/402,132/143/115/243,149/149,172/203,188/250
AFBI_16,EU1MG1,221/265,355/402,132/143/115/243,149/149,172/203,188/250
AFBI_8,EU1MG1,221/265,355/402,132/143/115/243,149/149,172/203,188/250
IRE_105,EU1MG1,221/265,355/402,132/143/115/243,149/149,172/203,188/250
IRE_107,EU1MG1,221/265,355/402,132/143/115/243,149/149,172/203,188/250
IRE_108,EU1MG1,221/265,355/402,132/143/115/243,149/149,172/203,188/250
IRE_111,EU1MG1,221/265,355/402,132/143/115/243,149/149,172/203,188/250
IRE_114,EU1MG1,221/265,355/402,132/143/115/243,149/149,172/203,188/250
IRE_115,EU1MG1,221/265,355/402,132/143/115/243,149/149,172/203,188/250
IRE_117,EU1MG1,221/265,355/402,132/143/115/243,149/149,172/203,188/250
IRE_118,EU1MG1,221/265,355/402,132/143/115/243,149/149,172/203,188/250
IRE_12,EU1MG1,221/265,355/402,132/143/115/243,149/149,172/203,188/250
IRE_13,EU1MG1,221/265,355/402,132/143/115/243,149/149,172/203,188/250
IRE_133,EU1MG1,221/265,355/402,132/143/115/243,149/149,172/203,188/250
IRE_14,EU1MG1,221/265,355/402,132/143/115/243,149/149,172/203,188/250
IRE_140,EU1MG1,221/265,355/402,132/143/115/243,149/149,172/203,188/250
IRE_141,EU1MG1,221/265,355/402,132/143/115/243,149/149,172/203,188/250
IRE_142,EU1MG1,221/265,355/402,132/143/115/243,149/149,172/203,188/250
IRE_143,EU1MG1,221/265,355/402,132/143/115/243,149/149,172/203,188/250
IRE_145,EU1MG1,221/265,355/402,132/143/115/243,149/149,172/203,188/250
IRE_146,EU1MG1,221/265,355/402,132/143/115/243,149/149,172/203,188/250
IRE_147,EU1MG1,221/265,355/402,132/143/115/243,149/149,172/203,188/250
IRE_148,EU1MG1,221/265,355/402,132/143/115/243,149/149,172/203,188/250
IRE_17,EU1MG1,221/265,355/402,132/143/115/243,149/149,172/203,188/250
IRE_19,EU1MG1,221/265,355/402,132/143/115/243,149/149,172/203,188/250
IRE_20,EU1MG1,221/265,355/402,132/143/115/243,149/149,172/203,188/250
IRE_21,EU1MG1,221/265,355/402,132/143/115/243,149/149,172/203,188/250
IRE_22,EU1MG1,221/265,355/402,132/143/115/243,149/149,172/203,188/250
IRE_26,EU1MG1,221/265,355/402,132/143/115/243,149/149,172/203,188/250
IRE_27,EU1MG1,221/265,355/402,132/143/115/243,149/149,172/203,188/250
IRE_28,EU1MG1,221/265,355/402,132/143/115/243,149/149,172/203,188/250
IRE_31,EU1MG1,221/265,355/402,132/143/115/243,149/149,172/203,188/250
IRE_33,EU1MG1,221/265,355/402,132/143/115/243,149/149,172/203,188/250
IRE_34,EU1MG1,221/265,355/402,132/143/115/243,149/149,172/203,188/250
IRE_40,EU1MG1,221/265,355/402,132/143/115/243,149/149,172/203,188/250
IRE_41,EU1MG1,221/265,355/402,132/143/115/243,149/149,172/203,188/250
IRE_46,EU1MG1,221/265,355/402,132/143/115/243,149/149,172/203,188/250
IRE_48,EU1MG1,221/265,355/402,132/143/115/243,149/149,172/203,188/250
IRE_49,EU1MG1,221/265,355/402,132/143/115/243,149/149,172/203,188/250
IRE_51,EU1MG1,221/265,355/402,132/143/115/243,149/149,172/203,188/250
IRE_59,EU1MG1,221/265,355/402,132/143/115/243,149/149,172/203,188/250
IRE_6,EU1MG1,221/265,355/402,132/143/115/243,149/149,172/203,188/250
IRE_61,EU1MG1,221/265,355/402,132/143/115/243,149/149,172/203,188/250
IRE_64,EU1MG1,221/265,355/402,132/143/115/243,149/149,172/203,188/250
IRE_65,EU1MG1,221/265,355/402,132/143/115/243,149/149,172/203,188/250
IRE_66,EU1MG1,221/265,355/402,132/143/115/243,149/149,172/203,188/250
IRE_7,EU1MG1,221/265,355/402,132/143/115/243,149/149,172/203,188/250
IRE_71,EU1MG1,221/265,355/402,132/143/115/243,149/149,172/203,188/250
IRE_72,EU1MG1,221/265,355/402,132/143/115/243,149/149,172/203,188/250
IRE_75,EU1MG1,221/265,355/402,132/143/115/243,149/149,172/203,188/250
IRE_76,EU1MG1,221/265,355/402,132/143/115/243,149/149,172/203,188/250
IRE_77,EU1MG1,221/265,355/402,132/143/115/243,149/149,172/203,188/250
IRE_78,EU1MG1,221/265,355/402,132/143/115/243,149/149,172/203,188/250
IRE_79,EU1MG1,221/265,355/402,132/143/115/243,149/149,172/203,188/250
IRE_80,EU1MG1,221/265,355/402,132/143/115/243,149/149,172/203,188/250
IRE_81,EU1MG1,221/265,355/402,132/143/115/243,149/149,172/203,188/250
IRE_82,EU1MG1,221/265,355/402,132/143/115/243,149/149,172/203,188/250
IRE_85,EU1MG1,221/265,355/402,132/143/115/243,149/149,172/203,188/250
IRE_87,EU1MG1,221/265,355/402,132/143/115/243,149/149,172/203,188/250
IRE_88,EU1MG1,221/265,355/402,132/143/115/243,149/149,172/203,188/250
IRE_89,EU1MG1,221/265,355/402,132/143/115/243,149/149,172/203,188/250
IRE_9,EU1MG1,221/265,355/402,132/143/115/243,149/149,172/203,188/250
IRE_90,EU1MG1,221/265,355/402,132/143/115/243,149/149,172/203,188/250
IRE_93,EU1MG1,221/265,355/402,132/143/115/243,149/149,172/203,188/250
PF16_11,EU1MG1,221/265,355/402,132/143/115/243,149/149,172/203,188/250
PH15_243,EU1MG1,221/265,355/402,132/143/115/243,149/149,172/203,188/250
IRE_106,EU1MG2,221/265,355/404,132/143/115/243,149/149,172/203,188/250
20_532,EU1MG5,221/265,355/402,132/143/115/243,149/149,172/203,188/244
IRE_100,EU1MG5,221/265,355/402,132/143/115/243,149/149,172/203,188/244
IRE_54,EU1MG5,221/265,355/402,132/143/115/243,149/149,172/203,188/244
IRE_58,EU1MG5,221/265,355/402,132/143/115/243,149/149,172/203,188/244
IRE_97,EU1MG5,221/265,355/402,132/143/115/243,149/149,172/203,188/244
IRE_11,EU1MG6,221/265,355/402,132/143/115/239,149/149,172/203,188/250
18_200,EU1MG7,221/265,355/402,132/143/115/245,149/149,172/203,188/244
IRE_2,EU1MG13,221/265,355/402,132/143/115/245,149/149,172/203,188/250
IRE_73,EU1MG13,221/265,355/402,132/143/115/245,149/149,172/203,188/250
AFBI_2,EU1MG14,221/265,355/402,132/143/115/243,153/153,172/203,188/250
18_685,EU1MG18,221/265,355/402,132/143/115/243,149/149,172/203,188/256
IRE_15,EU1MG18,221/265,355/402,132/143/115/243,149/149,172/203,188/256
IRE_24,EU1MG18,221/265,355/402,132/143/115/243,149/149,172/203,188/256
IRE_50,EU1MG18,221/265,355/402,132/143/115/243,149/149,172/203,188/256
IRE_53,EU1MG19,221/265,355/402,132/143/115/243,149/149,172/197,188/250
IRE_83,EU1MG19,221/265,355/402,132/143/115/243,149/149,172/197,188/250
IRE_84,EU1MG19,221/265,355/402,132/143/115/243,149/149,172/197,188/250
IRE_30,EU1MG22,221/265,355/402,132/143/115/243,149/149,172/209,188/250
IRE_38,EU1MG26,221/265,355/402,132/143/115/247,149/149,172/203,188/250
IRE_68,EU1MG26,221/265,355/402,132/143/115/247,149/149,172/203,188/250
IRE_70,EU1MG26,221/265,355/402,132/143/115/247,149/149,172/203,188/250
18_237,EU1MG32,221/265,355/402,132/143/115/237,149/149,172/203,188/250
IRE_60,EU1MG32,221/265,355/402,132/143/115/237,149/149,172/203,188/250
IRE_62,EU1MG32,221/265,355/402,132/143/115/237,149/149,172/203,188/250
IRE_63,EU1MG32,221/265,355/402,132/143/115/237,149/149,172/203,188/250
IRE_92,EU1MG32,221/265,355/402,132/143/115/237,149/149,172/203,188/250
11X_12,EU1MG43,221/265,355/402,132/143/115/237,137/137,172/203,188/250
IRE_120,EU1MG43,221/265,355/402,132/143/115/237,137/137,172/203,188/250
IRE_10,EU1MG87,221/265,355/402,132/143/115/243,149/149,172/203,0/250
IRE_86,EU1MG88,221/265,355/402,132/143/115/243,149/149,172/203,188/0
21_534,EU1MG106,221/265,355/402,132/143/115/179,149/149,172/203,188/256
IRE_103,EU1MG107,221/265,355/402,0/0/0/0,149/149,172/203,188/250
20_530,EU1MG124,265/265,355/402,132/143/115/243,149/149,172/203,188/250
IRE_18,EU1MG125,221/269,355/402,132/143/115/243,149/149,172/203,188/256
AFBI_1,EU1MG126,221/265,355/402,132/143/115/243,153/153,172/203,188/256
19_805,EU1MG127,221/265,361/402,132/143/115/243,149/149,172/203,188/244
IRE_4,EU1MG128,221/265,355/398,132/143/115/245,149/149,172/203,188/250
IRE_29,EU1MG129,221/265,355/404,0/143/0/243,149/149,0/203,0/250
IRE_67,EU1MG130,221/265,355/404,132/143/115/247,149/149,172/203,188/250
IRE_74,EU1MG131,221/265,355/404,132/143/115/245,149/149,172/203,188/250
IRE_37,EU1MG132,221/265,355/402,132/147/115/243,149/149,172/203,188/250
IRE_102,EU1MG133,221/265,355/402,115/132/111/0,149/149,172/0,188/0
18_507,EU1MG134,221/265,355/402,132/143/115/185,149/149,172/203,188/250
IRE_36,EU1MG135,221/265,355/402,132/143/115/237,149/149,172/203,194/250
11X_13,EU1MG136,221/265,355/402,132/138/115/243,149/149,172/203,188/250
EU1MG1,EU1 reference,221/265,355/402,132/143/115/243,149/149,172/203,188/250
EU1MG2,EU1 reference,221/265,355/404,132/143/115/243,149/149,172/203,188/250
EU1MG3,EU1 reference,221/265,355/402,132/143/115/249,149/149,172/203,188/250
EU1MG4,EU1 reference,221/265,355/402,132/143/115/243,149/149,172/203,188/232
EU1MG5,EU1 reference,221/265,355/402,132/143/115/243,149/149,172/203,188/244
EU1MG6,EU1 reference,221/265,355/402,132/143/115/239,149/149,172/203,188/250
EU1MG7,EU1 reference,221/265,355/402,132/143/115/245,149/149,172/203,188/244
EU1MG8,EU1 reference,221/265,355/404,132/143/115/243,149/149,172/197,188/232
EU1MG9,EU1 reference,221/265,355/402,132/143/115/243,149/149,172/197,188/232
EU1MG10,EU1 reference,221/265,355/404,132/143/115/243,149/149,172/203,188/244
EU1MG11,EU1 reference,221/265,355/404,132/143/115/245,149/149,172/203,188/244
EU1MG12,EU1 reference,221/265,355/402,132/143/115/245,149/149,172/203,188/256
EU1MG13,EU1 reference,221/265,355/402,132/143/115/245,149/149,172/203,188/250
EU1MG14,EU1 reference,221/265,355/402,132/143/115/243,153/153,172/203,188/250
EU1MG15,EU1 reference,221/265,355/402,132/139/115/243,149/149,172/203,188/256
EU1MG16,EU1 reference,221/265,355/402,132/143/115/243,149/149,172/203,188/238
EU1MG17,EU1 reference,221/263,355/402,132/143/115/243,149/149,172/209,188/250
EU1MG18,EU1 reference,221/265,355/402,132/143/115/243,149/149,172/203,188/256
EU1MG19,EU1 reference,221/265,355/402,132/143/115/243,149/149,172/197,188/250
EU1MG20,EU1 reference,221/265,355/402,132/143/115/243,157/157,172/203,188/250
EU1MG21,EU1 reference,221/265,355/402,132/143/115/229,149/149,172/203,188/244
EU1MG22,EU1 reference,221/265,355/402,132/143/115/243,149/149,172/209,188/250
EU1MG23,EU1 reference,221/265,355/402,132/143/115/247,149/149,172/197,188/232
EU1MG24,EU1 reference,221/265,355/406,132/143/115/243,149/149,172/197,188/232
EU1MG25,EU1 reference,221/265,355/402,132/143/115/243,149/149,172/203,188/226
EU1MG26,EU1 reference,221/265,355/402,132/143/115/247,149/149,172/203,188/250
EU1MG27,EU1 reference,221/265,355/406,132/143/115/243,149/149,172/203,188/250
EU1MG28,EU1 reference,221/265,355/402,132/143/115/239,149/149,172/203,188/244
EU1MG29,EU1 reference,221/265,355/404,132/143/115/243,149/149,172/203,188/238
EU1MG30,EU1 reference,221/265,355/402,132/143/115/247,149/149,172/203,188/244
EU1MG31,EU1 reference,221/265,355/406,132/143/115/243,149/149,172/203,188/256
EU1MG32,EU1 reference,221/265,355/402,132/143/115/237,149/149,172/203,188/250
EU1MG33,EU1 reference,221/265,355/402,132/143/115/243,137/137,172/203,188/256
EU1MG34,EU1 reference,221/269,355/402,132/143/115/243,149/149,172/203,188/250
EU1MG35,EU1 reference,221/265,355/402,132/143/115/243,149/149,172/203,188/262
EU1MG36,EU1 reference,221/265,355/402,132/143/115/173,149/149,172/203,188/250
EU1MG37,EU1 reference,221/265,355/406,132/143/115/243,149/149,172/203,188/244
EU1MG38,EU1 reference,221/265,355/402,132/143/115/243,149/149,172/203,194/250
EU1MG39,EU1 reference,221/265,355/406,132/143/115/245,149/149,172/203,188/250
EU1MG40,EU1 reference,221/265,355/408,132/143/115/243,149/149,172/203,188/250
EU1MG41,EU1 reference,221/265,355/402,132/143/115/229,149/149,172/203,188/250
EU1MG42,EU1 reference,221/265,355/402,132/143/115/243,137/137,172/203,188/250
EU1MG43,EU1 reference,221/265,355/402,132/143/115/237,137/137,172/203,188/250
EU1MG44,EU1 reference,221/265,355/404,132/143/115/237,137/137,172/203,188/250
EU1MG45,EU1 reference,221/265,355/402,132/143/115/237,137/137,172/203,188/256
EU1MG46,EU1 reference,221/265,355/402,132/143/115/237,137/137,172/203,188/244
EU1MG47,EU1 reference,221/265,355/406,132/143/115/237,137/137,172/203,188/250
EU1MG48,EU1 reference,221/265,355/404,132/143/115/243,137/137,172/203,188/250
EU1MG49,EU1 reference,221/265,355/402,132/0/115/0,137/137,172/203,188/250
EU1MG50,EU1 reference,221/265,355/402,132/143/115/235,149/149,172/203,188/250
EU1MG51,EU1 reference,221/265,355/402,132/149/115/243,149/149,172/203,188/250
EU1MG52,EU1 reference,221/265,355/0,132/143/115/243,149/149,172/203,188/250
EU1MG53,EU1 reference,221/265,355/402,132/143/115/243,145/145,172/203,188/250
EU1MG54,EU1 reference,221/261,355/402,132/143/115/243,149/149,172/203,188/250
EU1MG55,EU1 reference,221/265,355/402,132/143/115/213,149/149,172/203,188/250
EU1MG56,EU1 reference,221/265,355/402,132/143/115/245,149/149,172/203,188/232
EU1MG57,EU1 reference,221/265,355/402,132/143/115/243,149/149,172/215,188/244
EU1MG58,EU1 reference,221/265,355/402,132/143/115/243,149/149,172/209,188/244
EU1MG59,EU1 reference,221/265,355/402,132/143/115/243,149/149,172/203,194/244
EU1MG60,EU1 reference,221/259,355/402,132/143/115/243,149/149,172/203,188/250
EU1MG61,EU1 reference,221/265,355/402,132/143/115/247,149/149,172/203,188/256
EU1MG62,EU1 reference,221/265,355/402,132/139/115/243,149/149,172/203,188/250
EU1MG63,EU1 reference,221/265,355/402,134/143/115/243,149/149,172/203,188/250
EU1MG64,EU1 reference,221/267,355/402,132/143/115/243,149/149,172/203,188/250
EU1MG65,EU1 reference,221/265,355/402,132/143/115/243,149/149,172/197,188/256
EU1MG66,EU1 reference,221/265,355/402,132/143/115/243,149/149,172/209,188/256
EU1MG67,EU1 reference,221/265,355/398,132/143/115/243,149/149,172/203,188/250
EU1MG68,EU1 reference,221/265,355/402,132/143/115/239,149/149,172/209,188/250
EU1MG69,EU1 reference,221/265,355/402,132/143/115/239,137/137,172/203,188/250
EU1MG70,EU1 reference,221/265,355/402,132/145/115/243,149/149,172/203,188/250
EU1MG71,EU1 reference,221/265,355/402,132/143/115/243,125/125,172/203,188/250
EU1MG72,EU1 reference,221/265,355/402,132/143/115/221,149/149,172/203,188/244
EU1MG73,EU1 reference,221/265,355/404,132/143/115/237,137/137,172/203,188/256
EU1MG74,EU1 reference,221/265,355/404,132/143/115/239,137/137,172/203,188/250
EU1MG75,EU1 reference,221/265,355/406,132/143/115/237,137/137,172/203,188/256
EU1MG76,EU1 reference,221/265,355/414,132/143/115/243,149/149,172/203,188/250
EU1MG77,EU1 reference,221/275,355/402,132/143/115/239,137/137,172/203,188/256
EU1MG78,EU1 reference,221/265,355/404,132/143/115/237,137/137,172/203,188/244
EU1MG79,EU1 reference,221/269,355/402,132/143/115/237,137/137,172/203,188/250
EU1MG80,EU1 reference,221/265,355/402,132/143/115/223,149/149,172/203,188/244
EU1MG81,EU1 reference,221/265,355/402,132/143/115/243,145/145,172/197,188/250
EU1MG82,EU1 reference,221/265,355/402,132/143/115/241,137/137,172/203,188/250
EU1MG83,EU1 reference,221/265,355/402,132/143/115/237,137/137,172/197,188/238
EU1MG84,EU1 reference,221/265,355/402,132/143/115/0,149/149,172/203,188/244
EU1MG85,EU1 reference,221/265,355/402,132/143/121/243,149/149,172/203,188/250
EU1MG86,EU1 reference,221/265,355/402,0/143/0/243,149/149,0/203,0/256
EU1MG87,EU1 reference,221/265,355/402,132/143/115/243,149/149,172/203,0/250
EU1MG88,EU1 reference,221/265,355/402,132/143/115/243,149/149,172/203,188/0
EU1MG89,EU1 reference,221/263,355/402,132/143/115/237,137/137,172/203,188/250
EU1MG90,EU1 reference,221/265,355/402,136/143/115/237,137/137,172/203,188/250
EU1MG91,EU1 reference,221/265,355/402,132/143/115/237,137/137,172/203,188/262
EU1MG92,EU1 reference,221/265,355/404,132/143/115/241,137/137,172/203,188/250
EU1MG93,EU1 reference,221/265,355/402,132/143/115/243,137/137,172/197,188/250
EU1MG94,EU1 reference,221/267,355/402,132/143/115/247,149/149,172/203,188/250
EU1MG95,EU1 reference,221/265,355/402,132/143/115/245,149/149,172/209,188/244
EU1MG96,EU1 reference,221/265,355/402,0/143/0/237,137/137,0/203,0/250
EU1MG97,EU1 reference,221/265,355/0,0/143/0/237,149/149,0/203,0/250
EU1MG98,EU1 reference,221/265,355/402,0/143/0/237,137/137,0/203,0/0
EU1MG99,EU1 reference,221/265,355/402,132/143/115/237,0/0,172/203,188/0
EU1MG100,EU1 reference,221/265,355/402,132/143/115/183,137/137,172/203,188/250
EU1MG101,EU1 reference,221/265,355/402,132/143/115/243,153/153,172/209,188/0
EU1MG102,EU1 reference,221/265,355/402,132/0/115/0,137/137,172/0,188/0
EU1MG103,EU1 reference,221/265,355/402,132/143/115/237,137/137,172/203,188/0
EU1MG104,EU1 reference,0/0,355/402,132/143/115/243,149/149,172/203,188/232
EU1MG105,EU1 reference,221/265,355/402,132/143/115/179,149/149,172/203,188/250
EU1MG106,EU1 reference,221/265,355/402,132/143/115/179,149/149,172/203,188/256
EU1MG107,EU1 reference,221/265,355/402,0/0/0/0,149/149,172/203,188/250
EU1MG108,EU1 reference,221/265,355/402,132/143/115/0,137/137,172/203,188/244
EU1MG109,EU1 reference,221/265,355/402,132/143/115/0,137/137,172/203,188/250
EU1MG110,EU1 reference,221/265,355/402,132/143/115/0,149/149,172/209,188/250
EU1MG111,EU1 reference,221/265,355/402,132/143/115/237,137/137,172/197,188/250
EU1MG112,EU1 reference,221/265,355/402,132/143/115/237,137/137,172/209,188/250
EU1MG113,EU1 reference,221/265,355/402,132/143/115/237,149/149,172/203,188/244
EU1MG114,EU1 reference,221/265,355/402,132/143/115/237,149/149,172/209,188/250
EU1MG115,EU1 reference,221/265,355/402,132/143/115/241,137/137,172/203,188/244
EU1MG116,EU1 reference,221/265,355/402,132/143/115/241,149/149,172/203,188/244
EU1MG117,EU1 reference,221/265,355/402,132/143/115/241,149/149,172/203,188/250
EU1MG118,EU1 reference,221/265,355/402,132/143/115/241,149/149,172/209,188/244
EU1MG119,EU1 reference,221/265,355/402,132/143/115/241,149/149,172/209,188/250
EU1MG120,EU1 reference,221/267,355/402,132/143/115/0,149/149,172/203,188/250
EU1MG121,EU1 reference,221/267,355/402,132/143/115/0,149/149,172/209,188/250
EU1MG122,EU1 reference,221/267,355/402,132/143/115/243,149/149,172/209,188/250
EU1MG123,EU1 reference,221/265,355/402,132/143/115/171,149/149,172/209,188/250
EU2,EU2 reference,221/227,351/351,109/111/105/115,0/0,178/203,188/209
11X_14,EU2MG1,221/227,351/351,109/111/105/115,0/0,178/203,188/209
11X_15,EU2MG1,221/227,351/351,109/111/105/115,0/0,178/203,188/209
11X_16,EU2MG1,221/227,351/351,109/111/105/115,0/0,178/203,188/209
21_243,EU2MG1,221/227,351/351,109/111/105/115,0/0,178/203,188/209
IRE_110,EU2MG1,221/227,351/351,109/111/105/115,0/0,178/203,188/209
IRE_121,EU2MG1,221/227,351/351,109/111/105/115,0/0,178/203,188/209
IRE_123,EU2MG1,221/227,351/351,109/111/105/115,0/0,178/203,188/209
IRE_125,EU2MG1,221/227,351/351,109/111/105/115,0/0,178/203,188/209
IRE_126,EU2MG1,221/227,351/351,109/111/105/115,0/0,178/203,188/209
IRE_128,EU2MG1,221/227,351/351,109/111/105/115,0/0,178/203,188/209
IRE_130,EU2MG1,221/227,351/351,109/111/105/115,0/0,178/203,188/209
IRE_131,EU2MG1,221/227,351/351,109/111/105/115,0/0,178/203,188/209
IRE_132,EU2MG1,221/227,351/351,109/111/105/115,0/0,178/203,188/209
IRE_134,EU2MG1,221/227,351/351,109/111/105/115,0/0,178/203,188/209
IRE_136,EU2MG1,221/227,351/351,109/111/105/115,0/0,178/203,188/209
IRE_138,EU2MG1,221/227,351/351,109/111/105/115,0/0,178/203,188/209
IRE_98,EU2MG1,221/227,351/351,109/111/105/115,0/0,178/203,188/209
IRE_99,EU2MG1,221/227,351/351,109/111/105/115,0/0,178/203,188/209
IRE_137,EU2MG1,221/227,351/351,109/111/105/115,0/0,178/203,188/209
IRE_139,EU2MG1,221/227,351/351,109/111/105/115,0/0,178/203,188/209
22_532,EU2MG1,221/227,351/351,109/111/105/115,0/0,178/203,188/209
IRE_127,EU2MG1,221/227,351/351,109/111/105/115,0/0,178/203,188/209
IRE_129,EU2MG1,221/227,351/351,109/111/105/115,0/0,178/203,188/209
AFBI_7,EU2MG2,221/227,0/0,109/111/105/115,0/0,178/209,188/215
AFBI_6,EU2MG2,221/227,0/0,109/111/105/115,0/0,178/209,188/215
AFBI_9,EU2MG2,221/227,0/0,109/111/105/115,0/0,178/209,188/215
18_440,EU2MG3,221/227,351/351,109/111/105/115,0/0,178/209,188/215
18_441,EU2MG3,221/227,351/351,109/111/105/115,0/0,178/209,188/215
21_609,EU2MG3,221/227,351/351,109/111/105/115,0/0,178/209,188/215
21_703,EU2MG3,221/227,351/351,109/111/105/115,0/0,178/209,188/215
21_768,EU2MG3,221/227,351/351,109/111/105/115,0/0,178/209,188/215
21_778,EU2MG3,221/227,351/351,109/111/105/115,0/0,178/209,188/215
21_824,EU2MG3,221/227,351/351,109/111/105/115,0/0,178/209,188/215
AFBI_5,EU2MG3,221/227,351/351,109/111/105/115,0/0,178/209,188/215
21_86,EU2MG4,221/227,351/351,115/133/109/143,0/0,178/203,188/209
AFBI_12,EU2MG5,221/227,0/0,109/111/105/115,0/0,178/203,188/0
AFBI_13,EU2MG5,221/227,0/0,109/111/105/115,0/0,178/203,188/0
AFBI_11,EU2MG6,221/227,0/0,109/111/105/115,0/0,178/203,188/209
IRE_101,NA1,275/275,347/385,117/213/115/233,362/490,172/203,0/238
IRE_135,NA1,278/278,347/385,115/117/111/213,362/490,172/203,0/238
D12A,EU1 standard,221/265,355/402,132/143/115/243,149/149,172/203,188/256
SI-556,EU1 standard,221/265,355/404,132/143/115/243,149/149,172/203,188/256
P2111,EU2 standard,221/227,351/351,109/111/105/115,0/0,178/203,188/209
Pr102,NA1 standard,278/278,347/385,115/117/113/213,385/490,172/203,0/244
WSDA-2017,NA1 standard,221/278,347/385,115/117/113/213,374/490,172/203,0/244
USDA 3765,NA2 standard,225/225,349/367,102/111/113/115/117,173/173,172/0,188/0
MR-88,NA2 standard,225/225,349/367,102/111/113/115/117,173/173,172/0,188/0
